	Islands 			Wallace's line							
						values I combined 					
aegithina_lafresnayei_23213 	1		aegithina_lafresnayei_23213 	2		1 2					
Aegithina_tiphia 	1		Aegithina_tiphia 	2		1 2					
artamus_cinereus_6183 	0		artamus_cinereus_6183 	1		0 1	the geohisse with islands v. continents was coded like:				
Artamus_cyanopterus 	1		Artamus_cyanopterus 	1		1 1	0 = widespread				
Artamus_leucorhynchus 	0		Artamus_leucorhynchus 	0		0 0	1 = Continents				
Artamus_maximus 	1		Artamus_maximus 	1		1 1	2 = islands				
Artamus_minor 	1		Artamus_minor 	1		1 1					
Artamus_personatus 	1		Artamus_personatus 	1		1 1	this analysis wil be 				
Artamus_superciliosus 	1		Artamus_superciliosus 	1		1 1	0 = widespread (on both sides)				
Coracina_atriceps 	2		Coracina_atriceps 	1		2 1	1 = East of Wallace's line				
Coracina_bicolor 	2		Coracina_bicolor 	1		2 1	2 = West of Wallace's line				
Coracina_boyeri 	1		Coracina_boyeri 	1		1 1					
Coracina_caeruleogrisea 	1		Coracina_caeruleogrisea 	1		1 1	combined old data				
Coracina_caledonica 	2		Coracina_caledonica 	1		2 1	Islands	line	new data	this means	How many taxa in this category
Coracina_ingens 	2		Coracina_ingens 	1		2 1	2	1	0	island east of line	139
Coracina_larvata 	1		Coracina_larvata 	2		1 2	1	1	1	continent east of line	148
Coracina_leucopygia 	2		Coracina_leucopygia 	1		2 1	2	2	2	island west of line	63
Coracina_lineata 	0		Coracina_lineata 	1		0 1	1	2	3	continent west of line	315
Coracina_longicauda 	1		Coracina_longicauda 	1		1 1	0	0	(0 1 2 3)	continent and island east and west of line	12
Coracina_macei 	1		Coracina_macei 	2		1 2	0	1	(0 1)	continent and island east of line	34
Coracina_maxima 	1		Coracina_maxima 	1		1 1	0	2	(2 3)	coninent and island west of line	8
Coracina_novaehollandiae 	1		Coracina_novaehollandiae 	1		1 1	1	0	(1 3)	continent on both sides of line	ZERO
coracina_papuensis_27758 	0		coracina_papuensis_27758 	1		0 1	2	0	(0 2)	island on both sides of line	ZERO
Coracina_parvulum 	2		Coracina_parvulum 	1		2 1					
Coracina_schistacea 	2		Coracina_schistacea 	1		2 1					
Coracina_striata 	0		Coracina_striata 	2		0 2					
Coracina_temminckii 	2		Coracina_temminckii 	1		2 1					
Coracina_welchmani 	2		Coracina_welchmani 	1		2 1					
Lalage_atrovirens 	0		Lalage_atrovirens 	1		0 1					
Lalage_fimbriata 	1		Lalage_fimbriata 	2		1 2					
Lalage_leucomela 	0		Lalage_leucomela 	1		0 1					
Lalage_leucopyga 	2		Lalage_leucopyga 	1		2 1					
Lalage_leucopygialis 	2		Lalage_leucopygialis 	1		2 1					
Ceblepyris_pectoralis 	1		Ceblepyris_pectoralis 	2		1 2					
Celebesica_abbotti 	2		Celebesica_abbotti 	1		2 1					
Cyanograucalus_azureus 	1		Cyanograucalus_azureus 	2		1 2					
Pericrocotus_solaris 	1		Pericrocotus_solaris 	2		1 2					
Pericrocotus_albifrons 	1		Pericrocotus_albifrons 	2		1 2					
Edolisoma_admiralitatis 	2		Edolisoma_admiralitatis 	1		2 1					
Edolisoma_anale 	2		Edolisoma_anale 	1		2 1					
Edolisoma_sula 	2		Edolisoma_sula 	1		2 1					
edolisoma_tenuirostre_23644 	0		edolisoma_tenuirostre_23644 	1		0 1					
Ceblepyris_caesius 	1		Ceblepyris_caesius 	2		1 2					
Edolisoma_holopolium 	2		Edolisoma_holopolium 	1		2 1					
Edolisoma_incertum 	1		Edolisoma_incertum 	1		1 1					
Lalage_melanoleuca 	2		Lalage_melanoleuca 	2		2 2					
Lalage_melanoptera 	1		Lalage_melanoptera 	2		1 2					
Lalage_melaschistos 	1		Lalage_melaschistos 	2		1 2					
Lalage_newtoni 	2		Lalage_newtoni 	2		2 2					
Lalage_nigra 	0		Lalage_nigra 	2		0 2					
Lalage_polioptera 	1		Lalage_polioptera 	2		1 2					
Lalage_sharpei 	2		Lalage_sharpei 	1		2 1					
Lalage_sueurii 	0		Lalage_sueurii 	0		0 0					
Lalage_tricolor 	1		Lalage_tricolor 	1		1 1					
Lalage_typica 	2		Lalage_typica 	2		2 2					
Campephaga_flava 	1		Campephaga_flava 	2		1 2					
Campephaga_petiti 	1		Campephaga_petiti 	2		1 2					
Campochaera_sloetii	1		Campochaera_sloetii	1		1 1					
Lobotos_oriolinus 	1		Lobotos_oriolinus 	2		1 2					
Malindangia_mcgregori 	2		Malindangia_mcgregori 	2		2 2					
Pericrocotus_brevirostris 	1		Pericrocotus_brevirostris 	2		1 2					
Pericrocotus_cantonensis 	1		Pericrocotus_cantonensis 	2		1 2					
Pericrocotus_cinnamomeus 	1		Pericrocotus_cinnamomeus 	2		1 2					
pericrocotus_divaricatus_10261 	1		pericrocotus_divaricatus_10261 	2		1 2					
Pericrocotus_erythropygius 	1		Pericrocotus_erythropygius 	2		1 2					
Pericrocotus_roseus 	1		Pericrocotus_roseus 	2		1 2					
Ceblepyris_graueri 	1		Ceblepyris_graueri 	2		1 2					
Edolisoma_ceramense 	2		Edolisoma_ceramense 	1		2 1					
Edolisoma_coerulescens 	2		Edolisoma_coerulescens 	2		2 2					
Edolisoma_dispar 	2		Edolisoma_dispar 	1		2 1					
Edolisoma_dohertyi 	2		Edolisoma_dohertyi 	1		2 1					
Edolisoma_remotum 	2		Edolisoma_remotum 	1		2 1					
Edolisoma_salomonis 	2		Edolisoma_salomonis 	1		2 1					
Edolisoma_melas 	1		Edolisoma_melas 	1		1 1					
Edolisoma_mindanense 	2		Edolisoma_mindanense 	2		2 2					
Edolisoma_montanum 	1		Edolisoma_montanum 	1		1 1					
Edolisoma_morio 	2		Edolisoma_morio 	1		2 1					
Edolisoma_ostentum 	2		Edolisoma_ostentum 	2		2 2					
Pericrocotus_flammeus 	1		Pericrocotus_flammeus 	2		1 2					
Pericrocotus_igneus 	1		Pericrocotus_igneus 	2		1 2					
Pericrocotus_lansbergei 	2		Pericrocotus_lansbergei 	1		2 1					
Pericrocotus_speciosus 	0		Pericrocotus_speciosus 	0		0 0					
Pericrocotus_tegimae 	1		Pericrocotus_tegimae 	2		1 2					
Campephaga_phoenicea 	1		Campephaga_phoenicea 	2		1 2					
lalage_maculosa_26428 	2		lalage_maculosa_26428 	1		2 1					
Pericrocotus_miniatus 	1		Pericrocotus_miniatus 	2		1 2					
Edolisoma_schisticeps 	1		Edolisoma_schisticeps 	1		1 1					
Ceblepyris_cinereus 	2		Ceblepyris_cinereus 	2		2 2					
Pericrocotus_ethologus 	1		Pericrocotus_ethologus 	2		1 2					
Ptilorrhoa_caerulescens 	1		Ptilorrhoa_caerulescens 	1		1 1					
Ptilorrhoa_castanonota 	1		Ptilorrhoa_castanonota 	1		1 1					
ptilorrhoa_leucosticta_16514 	1		ptilorrhoa_leucosticta_16514 	1		1 1					
Cinclosoma_castaneothorax 	1		Cinclosoma_castaneothorax 	1		1 1					
Cinclosoma_castanotum 	1		Cinclosoma_castanotum 	1		1 1					
Cinclosoma_cinnamomeum 	1		Cinclosoma_cinnamomeum 	1		1 1					
cinclosoma_punctatum_57790 	1		cinclosoma_punctatum_57790 	1		1 1					
Cinclosoma_ajax 	1		Cinclosoma_ajax 	1		1 1					
corcorax_melanorhamphos_10720 	1		corcorax_melanorhamphos_10720 	1		1 1					
struthidea_cinerea_10728 	1		struthidea_cinerea_10728 	1		1 1					
Calocitta_colliei 	1		Calocitta_colliei 	2		1 2					
Coloeus_dauuricus 	1		Coloeus_dauuricus 	2		1 2					
Coloeus_monedula 	1		Coloeus_monedula 	2		1 2					
Corvus_albicollis 	1		Corvus_albicollis 	2		1 2					
Corvus_albus 	0		Corvus_albus 	2		0 2					
Corvus_bennetti 	1		Corvus_bennetti 	1		1 1					
Corvus_brachyrhynchos 	1		Corvus_brachyrhynchos 	2		1 2					
Corvus_capensis 	1		Corvus_capensis 	2		1 2					
Corvus_caurinus 	1		Corvus_caurinus 	2		1 2					
platylophus_galericulatus_24459 	1		platylophus_galericulatus_24459 	2		1 2					
Corvus_cornix 	1		Corvus_cornix 	2		1 2					
Aphelocoma_californica 	1		Aphelocoma_californica 	2		1 2					
Aphelocoma_coerulescens 	1		Aphelocoma_coerulescens 	2		1 2					
Aphelocoma_insularis 	1		Aphelocoma_insularis 	2		1 2					
Aphelocoma_ultramarina 	1		Aphelocoma_ultramarina 	2		1 2					
Cissa_jefferyi 	1		Cissa_jefferyi 	2		1 2					
Cissa_thalassina 	1		Cissa_thalassina 	2		1 2					
Corvus_crassirostris 	1		Corvus_crassirostris 	2		1 2					
Corvus_cryptoleucus 	1		Corvus_cryptoleucus 	2		1 2					
Corvus_culminatus 	1		Corvus_culminatus 	2		1 2					
Corvus_edithae 	1		Corvus_edithae 	2		1 2					
Corvus_enca 	0		Corvus_enca 	0		0 0					
Corvus_florensis 	2		Corvus_florensis 	1		2 1					
Corvus_frugilegus 	1		Corvus_frugilegus 	2		1 2					
Corvus_fuscicapillus 	1		Corvus_fuscicapillus 	1		1 1					
Corvus_hawaiiensis 	2		Corvus_hawaiiensis 	1		2 1					
Corvus_imparatus 	1		Corvus_imparatus 	2		1 2					
Corvus_insularis 	2		Corvus_insularis 	1		2 1					
Corvus_jamaicensis 	2		Corvus_jamaicensis 	2		2 2					
Corvus_kubaryi 	2		Corvus_kubaryi 	1		2 1					
Corvus_leucognaphalus 	2		Corvus_leucognaphalus 	2		2 2					
Corvus_levaillantii 	1		Corvus_levaillantii 	2		1 2					
Corvus_macrorhynchos 	0		Corvus_macrorhynchos 	0		0 0					
Corvus_meeki 	2		Corvus_meeki 	1		2 1					
Corvus_mellori 	1		Corvus_mellori 	1		1 1					
Corvus_minutus 	2		Corvus_minutus 	2		2 2					
Corvus_moneduloides 	2		Corvus_moneduloides 	1		2 1					
Corvus_nasicus 	2		Corvus_nasicus 	2		2 2					
Corvus_orru 	0		Corvus_orru 	1		0 1					
Corvus_ossifragus 	1		Corvus_ossifragus 	2		1 2					
Corvus_palmarum 	2		Corvus_palmarum 	2		2 2					
Corvus_rhipidurus 	1		Corvus_rhipidurus 	2		1 2					
Corvus_ruficollis 	1		Corvus_ruficollis 	2		1 2					
Corvus_sinaloae 	1		Corvus_sinaloae 	2		1 2					
Corvus_splendens 	0		Corvus_splendens 	2		0 2					
Corvus_tasmanicus 	1		Corvus_tasmanicus 	1		1 1					
Corvus_torquatus 	1		Corvus_torquatus 	2		1 2					
Corvus_tristis 	1		Corvus_tristis 	1		1 1					
Corvus_typicus 	2		Corvus_typicus 	1		2 1					
Corvus_unicolor 	2		Corvus_unicolor 	1		2 1					
Corvus_validus 	2		Corvus_validus 	1		2 1					
Corvus_violaceus 	2		Corvus_violaceus 	1		2 1					
Corvus_woodfordi 	2		Corvus_woodfordi 	1		2 1					
Crypsirina_temia 	1		Crypsirina_temia 	2		1 2					
cyanocitta_cristata_2271 	1		cyanocitta_cristata_2271 	2		1 2					
Cyanocitta_stelleri 	1		Cyanocitta_stelleri 	2		1 2					
Cyanocorax_affinis 	1		Cyanocorax_affinis 	2		1 2					
Cyanocorax_dickeyi 	1		Cyanocorax_dickeyi 	2		1 2					
Cyanocorax_heilprini 	1		Cyanocorax_heilprini 	2		1 2					
Cyanocorax_luxuosus 	1		Cyanocorax_luxuosus 	2		1 2					
Cyanocorax_melanocyaneus 	1		Cyanocorax_melanocyaneus 	2		1 2					
Cyanocorax_mystacalis 	1		Cyanocorax_mystacalis 	2		1 2					
Cyanocorax_sanblasianus 	1		Cyanocorax_sanblasianus 	2		1 2					
cyanocorax_violaceus_21655 	1		cyanocorax_violaceus_21655 	2		1 2					
Cyanocorax_yncas 	1		Cyanocorax_yncas 	2		1 2					
Cyanocorax_yucatanicus 	1		Cyanocorax_yucatanicus 	2		1 2					
Cyanolyca_argentigula 	1		Cyanolyca_argentigula 	2		1 2					
Cyanolyca_armillata 	1		Cyanolyca_armillata 	2		1 2					
Cyanolyca_cucullata 	1		Cyanolyca_cucullata 	2		1 2					
Cyanolyca_mirabilis 	1		Cyanolyca_mirabilis 	2		1 2					
Cyanolyca_nana 	1		Cyanolyca_nana 	2		1 2					
Cyanolyca_pulchra 	1		Cyanolyca_pulchra 	2		1 2					
Cyanolyca_pumilo 	1		Cyanolyca_pumilo 	2		1 2					
Cyanolyca_turcosa 	1		Cyanolyca_turcosa 	2		1 2					
Cyanopica_cooki 	1		Cyanopica_cooki 	2		1 2					
Cyanopica_cyanus 	1		Cyanopica_cyanus 	2		1 2					
dendrocitta_cinerascens_17738 	1		dendrocitta_cinerascens_17738 	2		1 2					
Dendrocitta_formosae 	1		Dendrocitta_formosae 	2		1 2					
Dendrocitta_frontalis 	1		Dendrocitta_frontalis 	2		1 2					
Dendrocitta_vagabunda 	1		Dendrocitta_vagabunda 	2		1 2					
Garrulus_lanceolatus 	1		Garrulus_lanceolatus 	2		1 2					
Platysmurus_leucopterus 	1		Platysmurus_leucopterus 	2		1 2					
Cyanocorax_beecheii 	1		Cyanocorax_beecheii 	2		1 2					
Cyanocorax_caeruleus 	1		Cyanocorax_caeruleus 	2		1 2					
Cyanocorax_cayanus 	1		Cyanocorax_cayanus 	2		1 2					
Cyanocorax_chrysops 	1		Cyanocorax_chrysops 	2		1 2					
Cyanocorax_cristatellus 	1		Cyanocorax_cristatellus 	2		1 2					
Cyanocorax_cyanomelas 	1		Cyanocorax_cyanomelas 	2		1 2					
Cyanocorax_cyanopogon 	1		Cyanocorax_cyanopogon 	2		1 2					
Garrulus_glandarius 	1		Garrulus_glandarius 	2		1 2					
Corvus_corone 	1		Corvus_corone 	2		1 2					
Corvus_coronoides 	1		Corvus_coronoides 	1		1 1					
Aphelocoma_unicolor 	1		Aphelocoma_unicolor 	2		1 2					
Aphelocoma_wollweberi 	1		Aphelocoma_wollweberi 	2		1 2					
Aphelocoma_woodhouseii 	1		Aphelocoma_woodhouseii 	2		1 2					
Calocitta_formosa 	1		Calocitta_formosa 	2		1 2					
ptilostomus_afer_b39279 	1		ptilostomus_afer_b39279 	2		1 2					
Pyrrhocorax_graculus 	1		Pyrrhocorax_graculus 	2		1 2					
pyrrhocorax_pyrrhocorax_28865 	1		pyrrhocorax_pyrrhocorax_28865 	2		1 2					
Nucifraga_caryocatactes 	1		Nucifraga_caryocatactes 	2		1 2					
Nucifraga_columbiana 	1		Nucifraga_columbiana 	2		1 2					
Nucifraga_multipunctata 	1		Nucifraga_multipunctata 	2		1 2					
Cissa_chinensis 	1		Cissa_chinensis 	2		1 2					
cissa_hypoleuca_23241 	1		cissa_hypoleuca_23241 	2		1 2					
corvus_corax_30042 	1		corvus_corax_30042 	2		1 2					
Perisoreus_internigrans 	1		Perisoreus_internigrans 	2		1 2					
Pica_nuttalli 	1		Pica_nuttalli 	2		1 2					
Pica_pica 	1		Pica_pica 	2		1 2					
perisoreus_canadensis_dot15892 	1		perisoreus_canadensis_dot15892 	2		1 2					
Perisoreus_infaustus 	1		Perisoreus_infaustus 	2		1 2					
Podoces_biddulphi 	1		Podoces_biddulphi 	2		1 2					
Podoces_hendersoni 	1		Podoces_hendersoni 	2		1 2					
Psilorhinus_morio 	1		Psilorhinus_morio 	2		1 2					
cyanolyca_viridicyanus_17037 	1		cyanolyca_viridicyanus_17037 	2		1 2					
Garrulus_lidthi 	1		Garrulus_lidthi 	2		1 2					
Temnurus_temnurus 	1		Temnurus_temnurus 	2		1 2					
gymnorhinus_cyanocephalus_nk165437 	1		gymnorhinus_cyanocephalus_nk165437 	2		1 2					
Pica_hudsonia 	1		Pica_hudsonia 	2		1 2					
Urocissa_caerulea 	1		Urocissa_caerulea 	2		1 2					
Urocissa_erythrorhyncha 	1		Urocissa_erythrorhyncha 	2		1 2					
Urocissa_flavirostris 	1		Urocissa_flavirostris 	2		1 2					
Zavattariornis_stresemanni 	1		Zavattariornis_stresemanni 	2		1 2					
Cracticus_argenteus 	1		Cracticus_argenteus 	1		1 1					
Cracticus_cassicus 	1		Cracticus_cassicus 	1		1 1					
Cracticus_louisiadensis 	2		Cracticus_louisiadensis 	1		2 1					
Cracticus_mentalis 	1		Cracticus_mentalis 	1		1 1					
Cracticus_nigrogularis 	1		Cracticus_nigrogularis 	1		1 1					
Cracticus_torquatus 	1		Cracticus_torquatus 	1		1 1					
Peltops_montanus 	1		Peltops_montanus 	1		1 1					
melloria_quoyi_4831 	1		melloria_quoyi_4831 	1		1 1					
Peltops_blainvillii 	1		Peltops_blainvillii 	1		1 1					
Gymnorhina_tibicen 	1		Gymnorhina_tibicen 	1		1 1					
Strepera_fuliginosa 	1		Strepera_fuliginosa 	1		1 1					
strepera_graculina_9660 	0		strepera_graculina_9660 	1		0 1					
Strepera_versicolor 	1		Strepera_versicolor 	1		1 1					
Dicrurus_adsimilis 	1		Dicrurus_adsimilis 	2		1 2					
dicrurus_aeneus_23352 	1		dicrurus_aeneus_23352 	2		1 2					
Dicrurus_balicassius 	2		Dicrurus_balicassius 	2		2 2					
Dicrurus_bracteatus 	0		Dicrurus_bracteatus 	1		0 1					
Dicrurus_caerulescens 	1		Dicrurus_caerulescens 	2		1 2					
Dicrurus_forficatus 	2		Dicrurus_forficatus 	2		2 2					
Dicrurus_fuscipennis 	2		Dicrurus_fuscipennis 	2		2 2					
Dicrurus_hottentottus 	0		Dicrurus_hottentottus 	0		0 0					
Dicrurus_leucophaeus 	0		Dicrurus_leucophaeus 	0		0 0					
Dicrurus_ludwigii 	1		Dicrurus_ludwigii 	2		1 2					
Dicrurus_macrocercus 	1		Dicrurus_macrocercus 	2		1 2					
Dicrurus_megarhynchus 	2		Dicrurus_megarhynchus 	1		2 1					
Dicrurus_modestus 	1		Dicrurus_modestus 	2		1 2					
dicrurus_paradiseus_23288 	1		dicrurus_paradiseus_23288 	2		1 2					
Dicrurus_remifer 	1		Dicrurus_remifer 	2		1 2					
Dicrurus_waldenii 	2		Dicrurus_waldenii 	2		2 2					
Dicrurus_atripennis 	1		Dicrurus_atripennis 	2		1 2					
Dicrurus_aldabranus 	2		Dicrurus_aldabranus 	2		2 2					
Dicrurus_annectans 	1		Dicrurus_annectans 	2		1 2					
eulacestoma_nigropectus_16397 	1		eulacestoma_nigropectus_16397 	1		1 1					
falcunculus_frontatus_57627 	1		falcunculus_frontatus_57627 	1		1 1					
ifrita_kowaldi_12106 	1		ifrita_kowaldi_12106 	1		1 1					
Corvinella_corvina 	1		Corvinella_corvina 	2		1 2					
corvinella_melanoleuca_26670 	1		corvinella_melanoleuca_26670 	2		1 2					
Lanius_humeralis 	1		Lanius_humeralis 	2		1 2					
Lanius_borealis 	1		Lanius_borealis 	2		1 2					
Lanius_bucephalus 	1		Lanius_bucephalus 	2		1 2					
Lanius_cabanisi 	1		Lanius_cabanisi 	2		1 2					
Lanius_collaris 	1		Lanius_collaris 	2		1 2					
Lanius_collurio 	1		Lanius_collurio 	2		1 2					
Lanius_collurioides 	1		Lanius_collurioides 	2		1 2					
Lanius_cristatus 	1		Lanius_cristatus 	2		1 2					
Lanius_dorsalis 	1		Lanius_dorsalis 	2		1 2					
lanius_excubitor_28984 	1		lanius_excubitor_28984 	2		1 2					
Lanius_mackinnoni 	1		Lanius_mackinnoni 	2		1 2					
Lanius_marwitzi 	1		Lanius_marwitzi 	2		1 2					
Lanius_meridionalis 	1		Lanius_meridionalis 	2		1 2					
Lanius_minor 	1		Lanius_minor 	2		1 2					
Lanius_sphenocercus 	1		Lanius_sphenocercus 	2		1 2					
Lanius_tephronotus 	1		Lanius_tephronotus 	2		1 2					
Lanius_validirostris 	2		Lanius_validirostris 	2		2 2					
Lanius_vittatus 	1		Lanius_vittatus 	2		1 2					
Lanius_schach 	0		Lanius_schach 	0		0 0					
Lanius_senator 	1		Lanius_senator 	2		1 2					
Lanius_somalicus 	1		Lanius_somalicus 	2		1 2					
Lanius_tigrinus 	1		Lanius_tigrinus 	2		1 2					
Lanius_isabellinus 	1		Lanius_isabellinus 	2		1 2					
Lanius_ludovicianus 	1		Lanius_ludovicianus 	2		1 2					
Lanius_newtoni 	1		Lanius_newtoni 	2		1 2					
Lanius_nubicus 	1		Lanius_nubicus 	2		1 2					
Lanius_pallidirostris 	1		Lanius_pallidirostris 	2		1 2					
Lanius_phoenicuroides 	1		Lanius_phoenicuroides 	2		1 2					
Lanius_excubitoroides 	1		Lanius_excubitoroides 	2		1 2					
Lanius_souzae 	1		Lanius_souzae 	2		1 2					
Eurocephalus_anguitimens 	1		Eurocephalus_anguitimens 	2		1 2					
Machaerirhynchus_flaviventer 	1		Machaerirhynchus_flaviventer 	1		1 1					
machaerirhynchus_nigripectus_4734 	1		machaerirhynchus_nigripectus_4734 	1		1 1					
Bocagia_minuta 	1		Bocagia_minuta 	2		1 2					
dryoscopus_cubla_26685 	1		dryoscopus_cubla_26685 	2		1 2					
Dryoscopus_gambensis 	1		Dryoscopus_gambensis 	2		1 2					
Laniarius_erlangeri 	1		Laniarius_erlangeri 	2		1 2					
Laniarius_erythrogaster 	1		Laniarius_erythrogaster 	2		1 2					
Laniarius_ferrugineus 	1		Laniarius_ferrugineus 	2		1 2					
Laniarius_fuelleborni 	1		Laniarius_fuelleborni 	2		1 2					
Laniarius_funebris 	1		Laniarius_funebris 	2		1 2					
Laniarius_leucorhynchus 	1		Laniarius_leucorhynchus 	2		1 2					
Laniarius_luehderi 	1		Laniarius_luehderi 	2		1 2					
Laniarius_major 	1		Laniarius_major 	2		1 2					
Laniarius_mufumbiri 	1		Laniarius_mufumbiri 	2		1 2					
Laniarius_nigerrimus 	1		Laniarius_nigerrimus 	2		1 2					
Laniarius_poensis 	1		Laniarius_poensis 	2		1 2					
Laniarius_ruficeps 	1		Laniarius_ruficeps 	2		1 2					
Laniarius_turatii 	1		Laniarius_turatii 	2		1 2					
Laniarius_willardi 	1		Laniarius_willardi 	2		1 2					
Laniarius_aethiopicus 	1		Laniarius_aethiopicus 	2		1 2					
Laniarius_atrococcineus 	1		Laniarius_atrococcineus 	2		1 2					
Laniarius_atroflavus 	1		Laniarius_atroflavus 	2		1 2					
laniarius_barbarus_15451 	1		laniarius_barbarus_15451 	2		1 2					
Chlorophoneus_nigrifrons 	1		Chlorophoneus_nigrifrons 	2		1 2					
chlorophoneus_sulfureopectus_15498 	1		chlorophoneus_sulfureopectus_15498 	2		1 2					
Malaconotus_alius 	1		Malaconotus_alius 	2		1 2					
Malaconotus_blanchoti 	1		Malaconotus_blanchoti 	2		1 2					
Nilaus_afer 	1		Nilaus_afer 	2		1 2					
Laniarius_bicolor 	1		Laniarius_bicolor 	2		1 2					
Tchagra_australis 	1		Tchagra_australis 	2		1 2					
tchagra_senegalus_15518 	1		tchagra_senegalus_15518 	2		1 2					
Telophorus_cruentus 	1		Telophorus_cruentus 	2		1 2					
Telophorus_dohertyi 	1		Telophorus_dohertyi 	2		1 2					
Telophorus_zeylonus 	1		Telophorus_zeylonus 	2		1 2					
Chlorophoneus_bocagei 	1		Chlorophoneus_bocagei 	2		1 2					
Melampitta_gigantea 	1		Melampitta_gigantea 	1		1 1					
melampitta_lugubris_16552 	1		melampitta_lugubris_16552 	1		1 1					
mohoua_albicilla_96717 	2		mohoua_albicilla_96717 	1		2 1					
Mohoua_novaeseelandiae 	2		Mohoua_novaeseelandiae 	1		2 1					
Mohoua_ochrocephala 	2		Mohoua_ochrocephala 	1		2 1					
Arses_lorealis 	1		Arses_lorealis 	1		1 1					
arses_telescophthalmus_12218 	1		arses_telescophthalmus_12218 	1		1 1					
Clytorhynchus_hamlini 	2		Clytorhynchus_hamlini 	1		2 1					
Clytorhynchus_nigrogularis 	2		Clytorhynchus_nigrogularis 	1		2 1					
Clytorhynchus_pachycephaloides 	2		Clytorhynchus_pachycephaloides 	1		2 1					
Clytorhynchus_vitiensis 	2		Clytorhynchus_vitiensis 	1		2 1					
hypothymis_azurea_20189 	0		hypothymis_azurea_20189 	0		0 0					
Hypothymis_coelestis 	2		Hypothymis_coelestis 	2		2 2					
Hypothymis_helenae 	2		Hypothymis_helenae 	2		2 2					
Hypothymis_puella 	2		Hypothymis_puella 	1		2 1					
Chasiempis_ibidis 	2		Chasiempis_ibidis 	1		2 1					
Chasiempis_sandwichensis 	2		Chasiempis_sandwichensis 	1		2 1					
Chasiempis_sclateri 	2		Chasiempis_sclateri 	1		2 1					
Monarcha_richardsii 	2		Monarcha_richardsii 	1		2 1					
monarcha_takatsukasae_22596 	2		monarcha_takatsukasae_22596 	1		2 1					
Myiagra_albiventris 	2		Myiagra_albiventris 	1		2 1					
Carterornis_leucotis 	1		Carterornis_leucotis 	1		1 1					
Carterornis_pileatus 	2		Carterornis_pileatus 	1		2 1					
Monarcha_melanopsis 	1		Monarcha_melanopsis 	1		1 1					
Arses_insularis 	1		Arses_insularis 	1		1 1					
Mayrornis_lessoni 	2		Mayrornis_lessoni 	1		2 1					
Mayrornis_schistaceus 	2		Mayrornis_schistaceus 	1		2 1					
Mayrornis_versicolor 	2		Mayrornis_versicolor 	1		2 1					
Metabolus_rugensis 	2		Metabolus_rugensis 	1		2 1					
Monarcha_castaneiventris 	2		Monarcha_castaneiventris 	1		2 1					
Myiagra_atra 	1		Myiagra_atra 	1		1 1					
Myiagra_caledonica 	1		Myiagra_caledonica 	1		1 1					
Myiagra_castaneigularis 	2		Myiagra_castaneigularis 	1		2 1					
Myiagra_cervinicauda 	2		Myiagra_cervinicauda 	1		2 1					
Myiagra_cyanoleuca 	1		Myiagra_cyanoleuca 	1		1 1					
Myiagra_erythrops 	2		Myiagra_erythrops 	1		2 1					
Myiagra_ferrocyanea 	2		Myiagra_ferrocyanea 	1		2 1					
Myiagra_freycineti 	2		Myiagra_freycineti 	1		2 1					
Myiagra_galeata 	2		Myiagra_galeata 	1		2 1					
Myiagra_hebetior 	2		Myiagra_hebetior 	1		2 1					
Myiagra_inquieta 	1		Myiagra_inquieta 	1		1 1					
Myiagra_nana 	1		Myiagra_nana 	1		1 1					
Myiagra_oceanica 	2		Myiagra_oceanica 	1		2 1					
Myiagra_pluto 	2		Myiagra_pluto 	1		2 1					
Myiagra_rubecula 	0		Myiagra_rubecula 	1		0 1					
Myiagra_ruficollis 	0		Myiagra_ruficollis 	1		0 1					
Myiagra_vanikorensis 	2		Myiagra_vanikorensis 	1		2 1					
Neolalage_banksiana 	2		Neolalage_banksiana 	1		2 1					
Myiagra_alecto 	0		Myiagra_alecto 	1		0 1					
Pomarea_fluxa 	2		Pomarea_fluxa 	1		2 1					
Pomarea_iphis 	2		Pomarea_iphis 	1		2 1					
Pomarea_mendozae 	2		Pomarea_mendozae 	1		2 1					
Pomarea_mira 	2		Pomarea_mira 	1		2 1					
Pomarea_nigra 	2		Pomarea_nigra 	1		2 1					
Pomarea_nukuhivae 	2		Pomarea_nukuhivae 	1		2 1					
Pomarea_whitneyi 	2		Pomarea_whitneyi 	1		2 1					
Arses_kaupi 	1		Arses_kaupi 	1		1 1					
Grallina_bruijni 	1		Grallina_bruijni 	1		1 1					
Monarcha_cinerascens 	0		Monarcha_cinerascens 	1		0 1					
Monarcha_erythrostictus 	2		Monarcha_erythrostictus 	1		2 1					
Monarcha_frater 	1		Monarcha_frater 	1		1 1					
Monarcha_godeffroyi 	2		Monarcha_godeffroyi 	1		2 1					
myiagra_azureocapilla_24306 	2		myiagra_azureocapilla_24306 	1		2 1					
grallina_cyanoleuca_22946 	0		grallina_cyanoleuca_22946 	1		0 1					
Symposiachrus_axillaris 	1		Symposiachrus_axillaris 	1		1 1					
Symposiachrus_barbatus 	2		Symposiachrus_barbatus 	1		2 1					
Symposiachrus_bimaculatus 	2		Symposiachrus_bimaculatus 	1		2 1					
Symposiachrus_boanensis 	2		Symposiachrus_boanensis 	1		2 1					
Symposiachrus_browni 	2		Symposiachrus_browni 	1		2 1					
Symposiachrus_everetti 	2		Symposiachrus_everetti 	1		2 1					
Symposiachrus_guttula 	0		Symposiachrus_guttula 	1		0 1					
Symposiachrus_infelix 	2		Symposiachrus_infelix 	1		2 1					
Symposiachrus_leucurus 	2		Symposiachrus_leucurus 	1		2 1					
Symposiachrus_loricatus 	2		Symposiachrus_loricatus 	1		2 1					
Symposiachrus_manadensis 	1		Symposiachrus_manadensis 	1		1 1					
Symposiachrus_menckei 	2		Symposiachrus_menckei 	1		2 1					
Symposiachrus_mundus 	2		Symposiachrus_mundus 	1		2 1					
Symposiachrus_rubiensis 	1		Symposiachrus_rubiensis 	1		1 1					
Symposiachrus_trivirgatus 	0		Symposiachrus_trivirgatus 	1		0 1					
symposiachrus_verticalis_27668 	2		symposiachrus_verticalis_27668 	1		2 1					
Symposiachrus_vidua 	2		Symposiachrus_vidua 	1		2 1					
Carterornis_chrysomela 	0		Carterornis_chrysomela 	1		0 1					
terpsiphone_affinis_23463 	1		terpsiphone_affinis_23463 	2		1 2					
Terpsiphone_atrocaudata 	1		Terpsiphone_atrocaudata 	2		1 2					
Terpsiphone_atrochalybeia 	1		Terpsiphone_atrochalybeia 	2		1 2					
Terpsiphone_batesi 	1		Terpsiphone_batesi 	2		1 2					
Terpsiphone_bedfordi 	1		Terpsiphone_bedfordi 	2		1 2					
Terpsiphone_bourbonnensis 	2		Terpsiphone_bourbonnensis 	2		2 2					
Terpsiphone_cinnamomea 	2		Terpsiphone_cinnamomea 	2		2 2					
Terpsiphone_corvina 	2		Terpsiphone_corvina 	2		2 2					
Terpsiphone_cyanescens 	1		Terpsiphone_cyanescens 	2		1 2					
Terpsiphone_incei 	1		Terpsiphone_incei 	2		1 2					
Terpsiphone_mutata 	2		Terpsiphone_mutata 	2		2 2					
Terpsiphone_paradisi 	1		Terpsiphone_paradisi 	2		1 2					
Terpsiphone_rufiventer 	1		Terpsiphone_rufiventer 	2		1 2					
Terpsiphone_rufocinerea 	1		Terpsiphone_rufocinerea 	2		1 2					
Terpsiphone_smithii 	1		Terpsiphone_smithii 	2		1 2					
Terpsiphone_viridis 	1		Terpsiphone_viridis 	2		1 2					
Trochocercus_cyanomelas 	1		Trochocercus_cyanomelas 	2		1 2					
trochocercus_nitens_15689 	1		trochocercus_nitens_15689 	2		1 2					
daphoenositta_chrysoptera_23086 	1		daphoenositta_chrysoptera_23086 	1		1 1					
aleadryas_rufinucha_16569 	1		aleadryas_rufinucha_16569 	1		1 1					
oreoica_gutturalis_8884 	1		oreoica_gutturalis_8884 	1		1 1					
ornorectes_cristatus_4697 	1		ornorectes_cristatus_4697 	1		1 1					
Pitohui_kirhocephalus 	1		Pitohui_kirhocephalus 	1		1 1					
Oriolus_albiloris 	2		Oriolus_albiloris 	2		2 2					
Oriolus_bouroensis 	2		Oriolus_bouroensis 	1		2 1					
Oriolus_brachyrhynchus 	1		Oriolus_brachyrhynchus 	2		1 2					
oriolus_chinensis_10450 	0		oriolus_chinensis_10450 	0		0 0					
Oriolus_chlorocephalus 	1		Oriolus_chlorocephalus 	2		1 2					
Oriolus_crassirostris 	1		Oriolus_crassirostris 	2		1 2					
Oriolus_cruentus 	1		Oriolus_cruentus 	2		1 2					
Oriolus_decipiens 	2		Oriolus_decipiens 	1		2 1					
Oriolus_flavocinctus 	0		Oriolus_flavocinctus 	1		0 1					
Oriolus_forsteni 	2		Oriolus_forsteni 	1		2 1					
Oriolus_hosii 	1		Oriolus_hosii 	2		1 2					
Oriolus_isabellae 	2		Oriolus_isabellae 	2		2 2					
Oriolus_kundoo 	1		Oriolus_kundoo 	2		1 2					
Oriolus_larvatus 	1		Oriolus_larvatus 	2		1 2					
Oriolus_melanotis 	2		Oriolus_melanotis 	1		2 1					
Oriolus_mellianus 	1		Oriolus_mellianus 	2		1 2					
Oriolus_monacha 	1		Oriolus_monacha 	2		1 2					
Oriolus_nigripennis 	1		Oriolus_nigripennis 	2		1 2					
Oriolus_oriolus 	1		Oriolus_oriolus 	2		1 2					
Oriolus_percivali 	1		Oriolus_percivali 	2		1 2					
Oriolus_phaeochromus 	2		Oriolus_phaeochromus 	1		2 1					
Oriolus_sagittatus 	1		Oriolus_sagittatus 	1		1 1					
Oriolus_steerii 	2		Oriolus_steerii 	2		2 2					
Oriolus_szalayi 	1		Oriolus_szalayi 	1		1 1					
Oriolus_tenuirostris 	1		Oriolus_tenuirostris 	2		1 2					
Oriolus_traillii 	1		Oriolus_traillii 	2		1 2					
Oriolus_xanthonotus 	1		Oriolus_xanthonotus 	2		1 2					
Oriolus_xanthornus 	1		Oriolus_xanthornus 	2		1 2					
pitohui_dichrous_12200 	1		pitohui_dichrous_12200 	1		1 1					
Sphecotheres_hypoleucus 	2		Sphecotheres_hypoleucus 	1		2 1					
sphecotheres_vieilloti_10752 	0		sphecotheres_vieilloti_10752 	1		0 1					
Sphecotheres_viridis 	2		Sphecotheres_viridis 	1		2 1					
Oriolus_auratus 	1		Oriolus_auratus 	2		1 2					
Turnagra_capensis 	2		Turnagra_capensis 	1		2 1					
Colluricincla_boweri 	1		Colluricincla_boweri 	1		1 1					
colluricincla_harmonica_8866 	1		colluricincla_harmonica_8866 	1		1 1					
Colluricincla_megarhyncha 	0		Colluricincla_megarhyncha 	1		0 1					
Colluricincla_woodwardi 	1		Colluricincla_woodwardi 	1		1 1					
Coracornis_raveni 	2		Coracornis_raveni 	1		2 1					
Coracornis_sanghirensis 	2		Coracornis_sanghirensis 	1		2 1					
Pachycephala_meyeri 	1		Pachycephala_meyeri 	1		1 1					
Pachycephala_modesta 	1		Pachycephala_modesta 	1		1 1					
Pachycephala_nudigula 	2		Pachycephala_nudigula 	1		2 1					
Pachycephala_occidentalis 	1		Pachycephala_occidentalis 	1		1 1					
Pachycephala_olivacea 	1		Pachycephala_olivacea 	1		1 1					
Pachycephala_orioloides 	2		Pachycephala_orioloides 	1		2 1					
Pachycephala_orpheus 	2		Pachycephala_orpheus 	1		2 1					
Pachycephala_pectoralis 	1		Pachycephala_pectoralis 	1		1 1					
Pachycephala_phaionota 	0		Pachycephala_phaionota 	1		0 1					
Pachycephala_philippinensis 	2		Pachycephala_philippinensis 	2		2 2					
Pachycephala_richardsi 	2		Pachycephala_richardsi 	1		2 1					
Pachycephala_rufiventris 	0		Pachycephala_rufiventris 	1		0 1					
Pachycephala_schlegelii 	1		Pachycephala_schlegelii 	1		1 1					
Pachycephala_simplex 	0		Pachycephala_simplex 	1		0 1					
Pachycephala_soror 	1		Pachycephala_soror 	1		1 1					
Pachycephala_sulfuriventer 	2		Pachycephala_sulfuriventer 	1		2 1					
Pachycephala_tenebrosa 	2		Pachycephala_tenebrosa 	1		2 1					
pachycephala_vanikorensis_19410 	2		pachycephala_vanikorensis_19410 	1		2 1					
Pachycephala_melanura 	0		Pachycephala_melanura 	1		0 1					
Pachycephala_mentalis 	2		Pachycephala_mentalis 	1		2 1					
melanorectes_nigrescens_18387 	1		melanorectes_nigrescens_18387 	1		1 1					
Pachycephala_arctitorquis 	2		Pachycephala_arctitorquis 	1		2 1					
Pachycephala_albiventris 	2		Pachycephala_albiventris 	2		2 2					
Pachycephala_aurea 	1		Pachycephala_aurea 	1		1 1					
Pachycephala_balim 	1		Pachycephala_balim 	1		1 1					
Pachycephala_caledonica 	2		Pachycephala_caledonica 	1		2 1					
Pachycephala_chlorura 	2		Pachycephala_chlorura 	1		2 1					
Pachycephala_cinerea 	0		Pachycephala_cinerea 	0		0 0					
Pachycephala_citreogaster 	2		Pachycephala_citreogaster 	1		2 1					
Pachycephala_collaris 	1		Pachycephala_collaris 	1		1 1					
Pachycephala_feminina 	2		Pachycephala_feminina 	1		2 1					
Pachycephala_flavifrons 	2		Pachycephala_flavifrons 	1		2 1					
Pachycephala_fulvotincta 	0		Pachycephala_fulvotincta 	0		0 0					
Pachycephala_graeffii 	2		Pachycephala_graeffii 	1		2 1					
Pachycephala_griseonota 	2		Pachycephala_griseonota 	1		2 1					
Pachycephala_homeyeri 	2		Pachycephala_homeyeri 	2		2 2					
Pachycephala_hyperythra 	1		Pachycephala_hyperythra 	1		1 1					
Pachycephala_hypoxantha 	1		Pachycephala_hypoxantha 	2		1 2					
Pachycephala_inornata 	1		Pachycephala_inornata 	1		1 1					
Pachycephala_jacquinoti 	2		Pachycephala_jacquinoti 	1		2 1					
Pachycephala_lanioides 	1		Pachycephala_lanioides 	1		1 1					
Pachycephala_leucogastra 	1		Pachycephala_leucogastra 	1		1 1					
Pachycephala_lorentzi 	1		Pachycephala_lorentzi 	1		1 1					
Pachycephala_implicata 	2		Pachycephala_implicata 	1		2 1					
pseudorectes_ferrugineus_9610 	0		pseudorectes_ferrugineus_9610 	1		0 1					
Pseudorectes_incertus 	1		Pseudorectes_incertus 	1		1 1					
Pachycephala_macrorhyncha 	2		Pachycephala_macrorhyncha 	1		2 1					
Pachycephala_vitiensis 	2		Pachycephala_vitiensis 	1		2 1					
Ptiloris_paradiseus 	1		Ptiloris_paradiseus 	1		1 1					
Paradisaea_decora 	2		Paradisaea_decora 	1		2 1					
Paradisaea_guilielmi 	1		Paradisaea_guilielmi 	1		1 1					
paradisaea_minor_16148 	1		paradisaea_minor_16148 	1		1 1					
Parotia_helenae 	1		Parotia_helenae 	1		1 1					
parotia_lawesii_16428 	1		parotia_lawesii_16428 	1		1 1					
Ptiloris_intercedens 	1		Ptiloris_intercedens 	1		1 1					
Ptiloris_magnificus 	1		Ptiloris_magnificus 	1		1 1					
Diphyllodes_magnificus 	1		Diphyllodes_magnificus 	1		1 1					
Diphyllodes_respublica 	1		Diphyllodes_respublica 	1		1 1					
Drepanornis_albertisi 	1		Drepanornis_albertisi 	1		1 1					
Drepanornis_bruijnii 	1		Drepanornis_bruijnii 	1		1 1					
Cicinnurus_regius 	0		Cicinnurus_regius 	1		0 1					
Lophorina_magnifica 	1		Lophorina_magnifica 	1		1 1					
lophorina_minor_16456 	1		lophorina_minor_16456 	1		1 1					
Lophorina_niedda 	1		Lophorina_niedda 	1		1 1					
Lophorina_superba 	1		Lophorina_superba 	1		1 1					
Lycocorax_pyrrhopterus 	2		Lycocorax_pyrrhopterus 	1		2 1					
Manucodia_ater 	0		Manucodia_ater 	1		0 1					
Manucodia_chalybatus 	1		Manucodia_chalybatus 	1		1 1					
Manucodia_comrii 	1		Manucodia_comrii 	1		1 1					
Manucodia_jobiensis 	1		Manucodia_jobiensis 	1		1 1					
Ptiloris_victoriae 	1		Ptiloris_victoriae 	1		1 1					
Paradisaea_raggiana 	1		Paradisaea_raggiana 	1		1 1					
Paradisaea_rudolphi 	1		Paradisaea_rudolphi 	1		1 1					
Paradisaea_rubra 	1		Paradisaea_rubra 	1		1 1					
Astrapia_mayeri 	1		Astrapia_mayeri 	1		1 1					
Astrapia_nigra 	1		Astrapia_nigra 	1		1 1					
Paradisaea_apoda 	1		Paradisaea_apoda 	1		1 1					
Parotia_carolae 	1		Parotia_carolae 	1		1 1					
Astrapia_rothschildi 	1		Astrapia_rothschildi 	1		1 1					
Astrapia_splendidissima 	1		Astrapia_splendidissima 	1		1 1					
Astrapia_stephaniae 	1		Astrapia_stephaniae 	1		1 1					
Parotia_sefilata 	1		Parotia_sefilata 	1		1 1					
Parotia_wahnesi 	1		Parotia_wahnesi 	1		1 1					
Pteridophora_alberti 	1		Pteridophora_alberti 	1		1 1					
Epimachus_fastuosus 	1		Epimachus_fastuosus 	1		1 1					
epimachus_meyeri_16421 	1		epimachus_meyeri_16421 	1		1 1					
Paradigalla_brevicauda 	1		Paradigalla_brevicauda 	1		1 1					
Paradigalla_carunculata 	1		Paradigalla_carunculata 	1		1 1					
Seleucidis_melanoleucus 	1		Seleucidis_melanoleucus 	1		1 1					
phonygammus_keraudrenii_12256 	0		phonygammus_keraudrenii_12256 	1		0 1					
Semioptera_wallacii 	2		Semioptera_wallacii 	1		2 1					
oreocharis_arfaki_16440 	1		oreocharis_arfaki_16440 	1		1 1					
Paramythia_montium 	1		Paramythia_montium 	1		1 1					
Pityriasis_gymnocephala 	1		Pityriasis_gymnocephala 	2		1 2					
Platysteira_albifrons 	1		Platysteira_albifrons 	2		1 2					
Platysteira_blissettii 	1		Platysteira_blissettii 	2		1 2					
Lanioturdus_torquatus 	1		Lanioturdus_torquatus 	2		1 2					
Batis_pririt 	1		Batis_pririt 	2		1 2					
Batis_capensis 	1		Batis_capensis 	2		1 2					
Batis_crypta 	1		Batis_crypta 	2		1 2					
Batis_diops 	1		Batis_diops 	2		1 2					
Batis_erlangeri 	1		Batis_erlangeri 	2		1 2					
Batis_minor 	1		Batis_minor 	2		1 2					
Batis_mixta 	1		Batis_mixta 	2		1 2					
Batis_molitor 	1		Batis_molitor 	2		1 2					
platysteira_castanea_29120 	1		platysteira_castanea_29120 	2		1 2					
Platysteira_chalybea 	1		Platysteira_chalybea 	2		1 2					
Platysteira_concreta 	1		Platysteira_concreta 	2		1 2					
Platysteira_cyanea 	1		Platysteira_cyanea 	2		1 2					
Platysteira_jamesoni 	1		Platysteira_jamesoni 	2		1 2					
Platysteira_laticincta 	1		Platysteira_laticincta 	2		1 2					
Platysteira_peltata 	1		Platysteira_peltata 	2		1 2					
Platysteira_tonsa 	1		Platysteira_tonsa 	2		1 2					
Batis_poensis 	1		Batis_poensis 	2		1 2					
batis_senegalensis_15403 	1		batis_senegalensis_15403 	2		1 2					
Batis_soror 	1		Batis_soror 	2		1 2					
Platysteira_ansorgei	1		Platysteira_ansorgei	2		1 2					
Platysteira_hormophora	1		Platysteira_hormophora	2		1 2					
prionops_plumatus_26690 	1		prionops_plumatus_26690 	2		1 2					
Prionops_retzii 	1		Prionops_retzii 	2		1 2					
Prionops_scopifrons 	1		Prionops_scopifrons 	2		1 2					
Androphobus_viridis 	1		Androphobus_viridis 	1		1 1					
Psophodes_cristatus 	1		Psophodes_cristatus 	1		1 1					
Psophodes_leucogaster 	1		Psophodes_leucogaster 	1		1 1					
Psophodes_nigrogularis 	1		Psophodes_nigrogularis 	1		1 1					
psophodes_occidentalis_6204 	1		psophodes_occidentalis_6204 	1		1 1					
Psophodes_olivaceus 	1		Psophodes_olivaceus 	1		1 1					
rhagologus_leucostigma_18382 	1		rhagologus_leucostigma_18382 	1		1 1					
chaetorhynchus_papuensis_16414 	1		chaetorhynchus_papuensis_16414 	1		1 1					
Eutrichomyias_rowleyi 	2		Eutrichomyias_rowleyi 	1		2 1					
Rhipidura_fuscorufa 	2		Rhipidura_fuscorufa 	1		2 1					
Rhipidura_verreauxi 	2		Rhipidura_verreauxi 	1		2 1					
Rhipidura_dryas 	0		Rhipidura_dryas 	1		0 1					
Lamprolia_klinesmithi 	2		Lamprolia_klinesmithi 	1		2 1					
lamprolia_victoriae_24329 	2		lamprolia_victoriae_24329 	1		2 1					
Rhipidura_diluta 	2		Rhipidura_diluta 	1		2 1					
Rhipidura_dahli 	2		Rhipidura_dahli 	1		2 1					
Rhipidura_dedemi 	2		Rhipidura_dedemi 	1		2 1					
Rhipidura_fuliginosa 	2		Rhipidura_fuliginosa 	1		2 1					
Rhipidura_albicollis 	1		Rhipidura_albicollis 	2		1 2					
Rhipidura_albiscapa 	0		Rhipidura_albiscapa 	1		0 1					
Rhipidura_albiventris 	2		Rhipidura_albiventris 	2		2 2					
Rhipidura_albolimbata 	1		Rhipidura_albolimbata 	1		1 1					
Rhipidura_atra 	1		Rhipidura_atra 	1		1 1					
Rhipidura_aureola 	1		Rhipidura_aureola 	2		1 2					
Rhipidura_brachyrhyncha 	1		Rhipidura_brachyrhyncha 	1		1 1					
Rhipidura_cockerelli 	2		Rhipidura_cockerelli 	1		2 1					
Rhipidura_cyaniceps 	2		Rhipidura_cyaniceps 	2		2 2					
Rhipidura_leucophrys 	0		Rhipidura_leucophrys 	1		0 1					
Rhipidura_leucothorax 	1		Rhipidura_leucothorax 	1		1 1					
Rhipidura_nigritorquis 	0		Rhipidura_nigritorquis 	2		0 2					
Rhipidura_nigrocinnamomea 	2		Rhipidura_nigrocinnamomea 	2		2 2					
Rhipidura_perlata 	1		Rhipidura_perlata 	2		1 2					
Rhipidura_personata 	2		Rhipidura_personata 	1		2 1					
Rhipidura_phasiana 	0		Rhipidura_phasiana 	1		0 1					
Rhipidura_rennelliana 	2		Rhipidura_rennelliana 	1		2 1					
Rhipidura_rufidorsa 	1		Rhipidura_rufidorsa 	1		1 1					
Rhipidura_rufifrons 	0		Rhipidura_rufifrons 	1		0 1					
Rhipidura_rufiventris 	0		Rhipidura_rufiventris 	1		0 1					
Rhipidura_samarensis 	2		Rhipidura_samarensis 	2		2 2					
Rhipidura_sauli 	2		Rhipidura_sauli 	2		2 2					
Rhipidura_superciliaris 	2		Rhipidura_superciliaris 	2		2 2					
Rhipidura_superflua 	2		Rhipidura_superflua 	1		2 1					
Rhipidura_tenebrosa 	2		Rhipidura_tenebrosa 	1		2 1					
Rhipidura_teysmanni 	2		Rhipidura_teysmanni 	1		2 1					
Rhipidura_hyperythra 	1		Rhipidura_hyperythra 	1		1 1					
rhipidura_javanica_17717 	0		rhipidura_javanica_17717 	2		0 2					
Rhipidura_threnothorax 	1		Rhipidura_threnothorax 	1		1 1					
Artamella_viridis 	2		Artamella_viridis 	2		2 2					
Calicalicus_madagascariensis 	2		Calicalicus_madagascariensis 	2		2 2					
Calicalicus_rufocarpalis 	2		Calicalicus_rufocarpalis 	2		2 2					
Bias_musicus 	1		Bias_musicus 	2		1 2					
Cyanolanius_madagascarinus 	2		Cyanolanius_madagascarinus 	2		2 2					
Euryceros_prevostii 	2		Euryceros_prevostii 	2		2 2					
Falculea_palliata 	2		Falculea_palliata 	2		2 2					
Schetba_rufa 	2		Schetba_rufa 	2		2 2					
tephrodornis_virgatus_30886 	1		tephrodornis_virgatus_30886 	2		1 2					
Hypositta_corallirostris 	2		Hypositta_corallirostris 	2		2 2					
Leptopterus_chabert 	2		Leptopterus_chabert 	2		2 2					
Megabyas_flammulatus 	1		Megabyas_flammulatus 	2		1 2					
mystacornis_crossleyi_345860 	2		mystacornis_crossleyi_345860 	2		2 2					
Newtonia_amphichroa 	2		Newtonia_amphichroa 	2		2 2					
Newtonia_archboldi 	2		Newtonia_archboldi 	2		2 2					
Newtonia_brunneicauda 	2		Newtonia_brunneicauda 	2		2 2					
Newtonia_fanovanae 	2		Newtonia_fanovanae 	2		2 2					
Oriolia_bernieri 	2		Oriolia_bernieri 	2		2 2					
Pseudobias_wardi 	2		Pseudobias_wardi 	2		2 2					
Tephrodornis_pondicerianus 	1		Tephrodornis_pondicerianus 	2		1 2					
Hemipus_hirundinaceus 	1		Hemipus_hirundinaceus 	2		1 2					
hemipus_picatus_23303 	1		hemipus_picatus_23303 	2		1 2					
philentoma_pyrhoptera_12323 	1		philentoma_pyrhoptera_12323 	2		1 2					
Philentoma_velata 	1		Philentoma_velata 	2		1 2					
Tylas_eduardi 	2		Tylas_eduardi 	2		2 2					
Vanga_curvirostris 	2		Vanga_curvirostris 	2		2 2					
Xenopirostris_damii 	2		Xenopirostris_damii 	2		2 2					
Xenopirostris_polleni 	2		Xenopirostris_polleni 	2		2 2					
Xenopirostris_xenopirostris 	2		Xenopirostris_xenopirostris 	2		2 2					
Cyclarhis_gujanensis 	1		Cyclarhis_gujanensis 	2		1 2					
Cyclarhis_nigrirostris 	1		Cyclarhis_nigrirostris 	2		1 2					
Pteruthius_xanthochlorus 	1		Pteruthius_xanthochlorus 	2		1 2					
erpornis_zantholeuca_27942 	1		erpornis_zantholeuca_27942 	2		1 2					
Hylophilus_sclateri 	1		Hylophilus_sclateri 	2		1 2					
Hylophilus_semibrunneus 	1		Hylophilus_semibrunneus 	2		1 2					
Hylophilus_semicinereus 	1		Hylophilus_semicinereus 	2		1 2					
Hylophilus_thoracicus 	1		Hylophilus_thoracicus 	2		1 2					
Pteruthius_validirostris 	1		Pteruthius_validirostris 	2		1 2					
Pteruthius_melanotis 	1		Pteruthius_melanotis 	2		1 2					
Pteruthius_rufiventer 	1		Pteruthius_rufiventer 	2		1 2					
Pteruthius_aenobarbus 	1		Pteruthius_aenobarbus 	2		1 2					
Hylophilus_poicilotis 	1		Hylophilus_poicilotis 	2		1 2					
pteruthius_flaviscapis_17806 	1		pteruthius_flaviscapis_17806 	2		1 2					
Hylophilus_aurantiifrons 	1		Hylophilus_aurantiifrons 	2		1 2					
Hylophilus_brunneiceps 	1		Hylophilus_brunneiceps 	2		1 2					
Hylophilus_decurtatus 	1		Hylophilus_decurtatus 	2		1 2					
Hylophilus_flavipes 	1		Hylophilus_flavipes 	2		1 2					
Hylophilus_hypoxanthus 	1		Hylophilus_hypoxanthus 	2		1 2					
Hylophilus_muscicapinus 	1		Hylophilus_muscicapinus 	2		1 2					
Hylophilus_ochraceiceps 	1		Hylophilus_ochraceiceps 	2		1 2					
Hylophilus_olivaceus 	1		Hylophilus_olivaceus 	2		1 2					
Hylophilus_pectoralis 	1		Hylophilus_pectoralis 	2		1 2					
Vireo_atricapilla 	1		Vireo_atricapilla 	2		1 2					
Vireo_bairdi 	1		Vireo_bairdi 	2		1 2					
Vireo_bellii 	1		Vireo_bellii 	2		1 2					
Vireo_brevipennis 	1		Vireo_brevipennis 	2		1 2					
Vireo_carmioli 	1		Vireo_carmioli 	2		1 2					
Vireo_cassinii 	1		Vireo_cassinii 	2		1 2					
Vireo_flavifrons 	1		Vireo_flavifrons 	2		1 2					
Vireo_flavoviridis 	1		Vireo_flavoviridis 	2		1 2					
Vireo_gilvus 	1		Vireo_gilvus 	2		1 2					
Vireo_griseus 	1		Vireo_griseus 	2		1 2					
Vireo_huttoni 	1		Vireo_huttoni 	2		1 2					
Vireo_hypochryseus 	1		Vireo_hypochryseus 	2		1 2					
Vireo_leucophrys 	1		Vireo_leucophrys 	2		1 2					
Vireo_olivaceus 	1		Vireo_olivaceus 	2		1 2					
Vireo_pallens 	1		Vireo_pallens 	2		1 2					
Vireo_philadelphicus 	1		Vireo_philadelphicus 	2		1 2					
Vireo_plumbeus 	1		Vireo_plumbeus 	2		1 2					
vireo_solitarius_25186	1		vireo_solitarius_25186	2		1 2					
Vireo_vicinior 	1		Vireo_vicinior 	2		1 2					
Vireolanius_eximius 	1		Vireolanius_eximius 	2		1 2					
Vireolanius_leucotis 	1		Vireolanius_leucotis 	2		1 2					
Vireolanius_melitophrys 	1		Vireolanius_melitophrys 	2		1 2					
Vireolanius_pulchellus 	1		Vireolanius_pulchellus 	2		1 2					
Vireo_altiloquus 	0		Vireo_altiloquus 	2		0 2					
Vireo_crassirostris 	2		Vireo_crassirostris 	2		2 2					
Vireo_latimeri 	2		Vireo_latimeri 	2		2 2					
Vireo_magister 	0		Vireo_magister 	2		0 2					
Vireo_modestus 	2		Vireo_modestus 	2		2 2					
Vireo_nanus 	2		Vireo_nanus 	2		2 2					
Vireo_osburni 	2		Vireo_osburni 	2		2 2					